
-- Clean up existing data
TRUNCATE TABLE productvariantoptions RESTART IDENTITY CASCADE;
TRUNCATE TABLE productvariants RESTART IDENTITY CASCADE;
TRUNCATE TABLE productdescriptions RESTART IDENTITY CASCADE;
TRUNCATE TABLE productimages RESTART IDENTITY CASCADE;
TRUNCATE TABLE products RESTART IDENTITY CASCADE;

INSERT INTO products (id, name, ispublished, category, labels, price, discount, tax) VALUES
(1, 'Onions (ఉల్లిపాయ)', true, '1', '{"Bulb","White","New"}', 32, NULL, NULL),
(4, 'Green Chilli (పచ్చి మిరపకాయ)', true, '1', '{"Spicy","Green"}', 45, NULL, NULL),
(5, 'Beetroot (బీట్‌రూట్)', true, '1', '{"Root","Red","New"}', 30, NULL, NULL),
(6, 'Potato (బంగాళాదుంప)', true, '1', '{"Root","Brown","New"}', 29, NULL, NULL),
(7, 'Raw Banana (అరటికాయ)', true, '1', '{"Fruit Vegetable","Green"}', 10, NULL, NULL),
(8, 'Amaranth Leaves (తోటకూర)', true, '1', '{"Leafy","Greens","Red-Green","New"}', 14, NULL, NULL),
(9, 'Amla (ఉసిరికాయ)', true, 'Fruits', '{"Fruit","Green","Health"}', 80, NULL, NULL),
(10, 'Ash gourd (బూడిద గుమ్మడికాయ)', true, '1', '{"Gourd","White"}', 20, NULL, NULL),
(11, 'Baby Corn (బేబీ మొక్కజొన్న)', true, '1', '{"Corn","Yellow","New"}', 46, NULL, NULL),
(12, 'Banana Flower (అరటి పువ్వు)', true, '1', '{"Flower","Purple"}', 14, NULL, NULL),
(13, 'Capsicum (బెల్ పెప్పర్)', true, '1', '{"Bell Pepper","Green"}', 50, NULL, NULL),
(14, 'Bitter Gourd (కాకరకాయ)', true, '1', '{"Gourd","Greens","Bitter"}', 38, NULL, NULL),
(15, 'Bottle Gourd (సొరకాయ)', true, '1', '{"Gourd","Green"}', 34, NULL, NULL),
(16, 'Butter Beans (వెన్న పప్పు)', true, '1', '{"Beans","White"}', 49, NULL, NULL),
(17, 'Broad Beans (చిక్కుడు)', true, '1', '{"Beans","Green"}', 42, NULL, NULL),
(18, 'Cabbage (క్యాబేజీ)', true, '1', '{"Leafy","Greens","Green"}', 30, NULL, NULL),
(19, 'Carrot (కారెట్)', true, '1', '{"Root","Orange","New"}', 39, NULL, NULL),
(20, 'Cauliflower (కాలీఫ్లవర్)', true, '1', '{"Cruciferous","White"}', 27, NULL, NULL),
(21, 'Cluster beans (గోరుచిక్కుడు)', true, '1', '{"Beans","Green"}', 44, NULL, NULL),
(22, 'Coconut (కొబ్బరి)', true, '1', '{"Nut","Brown"}', 65, NULL, NULL),
(23, 'Colocasia Leaves (చమదుంప ఆకులు)', false, '1', '{"Leafy","Greens","Green"}', 12, NULL, NULL),
(24, 'Colocasia (చమదుంప)', false, '1', '{"Root","Brown"}', 28, NULL, NULL),
(25, 'Coriander Leaves (కొత్తిమీర)', true, '1', '{"Leafy","Greens","Green"}', 15, NULL, NULL),
(26, 'Corn (మొక్కజొన్న)', true, '1', '{"Grain","Yellow","New"}', 34, NULL, NULL),
(27, 'Cucumber (కీర దోసకాయ)', true, '1', '{"Hydrating","Green"}', 30, NULL, NULL),
(28, 'Ladies Finger (బెండకాయ)', true, '1', '{"Green"}', 35, NULL, NULL),
(29, 'Pumpkin (గుమ్మడికాయ)', true, '1', '{"Orange"}', 23, NULL, NULL),
(30, 'Radish (ముల్లంగి)', true, '1', '{"Root","White"}', 31, NULL, NULL),
(31, 'Ridge Gourd (బీరకాయ)', true, '1', '{"Green"}', 38, NULL, NULL),
(32, 'Shallot (Pearl Onion) (ఉల్లి గడ్డలు)', false, '1', '{"Onion","Purple"}', 38, NULL, NULL),
(33, 'Snake Gourd (పొట్లకాయ)', true, '1', '{"Green"}', 40, NULL, NULL),
(34, 'Sorrel Leaves (గోంగూర)', true, '1', '{"Leafy","Greens","Green"}', 15, NULL, NULL),
(35, 'Spinach (పాలకూర)', true, '1', '{"Leafy","Greens","Green"}', 15, NULL, NULL),
(36, 'Sweet Potato (చిలకడదుంప)', true, '1', '{"Root","Orange"}', 58, NULL, NULL),
(39, 'Curry Leaves (కరివేపాకు)', true, '1', '{"Leafy","Greens","Green","Aromatic"}', 10, NULL, NULL),
(40, 'Tomato (టమోటా)', true, '1', '{"Fruit Vegetable","Red","New"}', 46, NULL, NULL),
(41, 'Ivy Gourd (దొండకాయ)', true, '1', '{"Gourd","Green"}', 36, NULL, NULL),
(42, 'Brinjal (వంకాయ)', true, '1', '{"Gourd","Purple"}', 40, NULL, NULL),
(43, 'Elephant Yam (Elephant Yam)', true, '1', '{"Root","Brown"}', 60, NULL, NULL),
(44, 'Fenugreek Leaves (Methi)', true, '1', '{"Leafy","Green"}', 18, NULL, NULL),
(45, 'French Beans (ఫ్రెంచ్ బీన్స్)', true, '1', '{"Beans","Green"}', 55, NULL, NULL),
(46, 'Garlic (వెల్లులి)', true, '1', '{"Aromatic","Bulb"}', 180, NULL, NULL),
(47, 'Ginger (అల్లం)', true, '1', '{"Aromatic","Root"}', 120, NULL, NULL),
(48, 'Green Peas (pachi buttani)', true, '1', '{"Legume","Green"}', 80, NULL, NULL),
(49, 'Lemon (నిమ్మ)', true, '1', '{"Citrus","Yellow"}', 6, NULL, NULL),
(50, 'Mango Raw (మామిడికాయ)', true, 'Fruits', '{"Fruit","Green"}', 90, NULL, NULL),
(51, 'Mint Leaves (పుదినా)', true, '1', '{"Leafy","Green"}', 15, NULL, NULL),
(52, 'Mushroom (మష్రూమ్)', true, '1', '{"Fungus","White"}', 150, NULL, NULL),
(53, 'Mango (మామిడి)', true, '2', '{"Fruit","Yellow"}', 120, NULL, NULL),
(54, 'Papaya (బొప్పాయి)', true, '2', '{"Fruit","Orange"}', 50, NULL, NULL),
(55, 'Banana (పండ్ల అరటి)', true, '2', '{"Fruit","Yellow"}', 60, NULL, NULL),
(56, 'Coconut (కొబ్బరి)', true, '2', '{"Fruit","Brown"}', 65, NULL, NULL),
(57, 'Pineapple (అనాసపండు)', true, '2', '{"Fruit","Tropical"}', 90, NULL, NULL),
(58, 'Guava (జామ)', true, '2', '{"Fruit","Green"}', 70, NULL, NULL),
(59, 'Orange (నారింజ)', true, '2', '{"Fruit","Citrus"}', 80, NULL, NULL),
(60, 'Jackfruit (పనస పండు)', true, '2', '{"Fruit","Large"}', 25, NULL, NULL),
(61, 'Apple (ఆపిల్)', true, '2', '{"Fruit","Red"}', 160, NULL, NULL),
(62, 'Pear (పియర్)', true, '2', '{"Fruit","Green"}', 140, NULL, NULL),
(63, 'Watermelon (పుచకాయ)', true, '2', '{"Fruit","Large"}', 25, NULL, NULL),
(64, 'Lychee (లిచీ)', true, '2', '{"Fruit","Red"}', 180, NULL, NULL),
(65, 'Grapes (ద్రాక్ష)', true, '2', '{"Fruit","Purple"}', 160, NULL, NULL),
(66, 'Chikoo (సపోటా)', true, '2', '{"Fruit","Brown"}', 140, NULL, NULL),
(67, 'Custard Apple (సీతాఫలం)', true, '2', '{"Fruit","Green"}', 160, NULL, NULL),
(68, 'Milk - Full Cream (పాలు) 1 L', true, '3', '{"Dairy","Liquid"}', 60, NULL, NULL),
(69, 'Curd / Yogurt (పెరుగు) 500 g', true, '3', '{"Dairy","Probiotic"}', 50, NULL, NULL),
(70, 'Paneer (పనీర్) 200 g', true, '3', '{"Dairy","Protein"}', 120, NULL, NULL),
(71, 'Butter (వెన్న) 200 g', true, '3', '{"Dairy","Spreads"}', 220, NULL, NULL),
(72, 'Cheese Slices (చీజ్ స్లైస్) 200 g', true, '3', '{"Dairy","Processed"}', 180, NULL, NULL);

INSERT INTO productimages (id, productid, url) VALUES
(DEFAULT, 1, 'https://ik.imagekit.io/bzuspdt5r/StoreUI%20Images/Vegetables/Onion.jpg?updatedAt=1756446479677'),
(DEFAULT, 4, 'https://ik.imagekit.io/bzuspdt5r/StoreUI%20Images/Vegetables/Green%20Chillie.webp?updatedAt=1756445116854'),
(DEFAULT, 5, 'https://ik.imagekit.io/bzuspdt5r/StoreUI%20Images/Vegetables/Beetroot.avif?updatedAt=1756445117020'),
(DEFAULT, 6, 'https://ik.imagekit.io/bzuspdt5r/StoreUI%20Images/Vegetables/Potato.jpg?updatedAt=1756445117100'),
(DEFAULT, 7, 'https://ik.imagekit.io/bzuspdt5r/StoreUI%20Images/Vegetables/Raw%20Banana.jpg?updatedAt=1756543665087'),
(DEFAULT, 8, 'https://ik.imagekit.io/bzuspdt5r/StoreUI%20Images/Vegetables/Amaranth.webp?updatedAt=1756446470824'),
(DEFAULT, 9, 'https://ik.imagekit.io/bzuspdt5r/StoreUI%20Images/Vegetables/amla.webp?updatedAt=1756446470760'),
(DEFAULT, 10, 'https://ik.imagekit.io/bzuspdt5r/StoreUI%20Images/Vegetables/Ash%20Gourd.jpg?updatedAt=1756446470643'),
(DEFAULT, 11, 'https://ik.imagekit.io/bzuspdt5r/StoreUI%20Images/Vegetables/Baby%20Corn.jpg?updatedAt=1756446470776'),
(DEFAULT, 12, 'https://ik.imagekit.io/bzuspdt5r/StoreUI%20Images/Vegetables/Banana%20Flower.jpg?updatedAt=1756446470623'),
(DEFAULT, 13, 'https://ik.imagekit.io/bzuspdt5r/StoreUI%20Images/Vegetables/Capsicum.jpg?updatedAt=1756446470717'),
(DEFAULT, 14, 'https://ik.imagekit.io/bzuspdt5r/StoreUI%20Images/Vegetables/Bitter%20Gourd.avif?updatedAt=1756446470879'),
(DEFAULT, 15, 'https://ik.imagekit.io/bzuspdt5r/StoreUI%20Images/Vegetables/Bottle%20Gourd.jpg?updatedAt=1756541342108'),
(DEFAULT, 16, 'https://ik.imagekit.io/bzuspdt5r/StoreUI%20Images/Vegetables/Butter%20Beans.avif?updatedAt=1756446470800'),
(DEFAULT, 17, 'https://ik.imagekit.io/bzuspdt5r/StoreUI%20Images/Vegetables/Board%20Beans.avif?updatedAt=1756446470782'),
(DEFAULT, 18, 'https://ik.imagekit.io/bzuspdt5r/StoreUI%20Images/Vegetables/Cabbage.avif?updatedAt=1756446470763'),
(DEFAULT, 19, 'https://ik.imagekit.io/bzuspdt5r/StoreUI%20Images/Vegetables/Carrot.avif?updatedAt=1756446474927'),
(DEFAULT, 20, 'https://ik.imagekit.io/bzuspdt5r/StoreUI%20Images/Vegetables/Cauliflower.avif?updatedAt=1756446475102'),
(DEFAULT, 21, 'https://ik.imagekit.io/bzuspdt5r/StoreUI%20Images/Vegetables/Cluster%20beans.avif?updatedAt=1756446474951'),
(DEFAULT, 22, 'https://ik.imagekit.io/bzuspdt5r/StoreUI%20Images/Vegetables/Coconut.jpg?updatedAt=1756446474990'),
(DEFAULT, 23, 'https://ik.imagekit.io/bzuspdt5r/StoreUI%20Images/Vegetables/Colocasia%20Leaves.avif?updatedAt=1756446475337'),
(DEFAULT, 24, 'https://ik.imagekit.io/bzuspdt5r/StoreUI%20Images/Vegetables/Colocasia%20Leaves.avif?updatedAt=1756446475337'),
(DEFAULT, 25, 'https://ik.imagekit.io/bzuspdt5r/StoreUI%20Images/Vegetables/Coriander%20Leaves.jpg?updatedAt=1756446475056'),
(DEFAULT, 26, 'https://ik.imagekit.io/bzuspdt5r/StoreUI%20Images/Vegetables/Corn.jpg?updatedAt=1756446475303'),
(DEFAULT, 27, 'https://ik.imagekit.io/bzuspdt5r/StoreUI%20Images/Vegetables/Cucumber.webp?updatedAt=1756446475861'),
(DEFAULT, 28, 'https://ik.imagekit.io/bzuspdt5r/StoreUI%20Images/Vegetables/Ladies%20Finger.jpg?updatedAt=1756446475253'),
(DEFAULT, 29, 'https://ik.imagekit.io/bzuspdt5r/StoreUI%20Images/Vegetables/Pumpkin.jpg?updatedAt=1756446479728'),
(DEFAULT, 30, 'https://ik.imagekit.io/bzuspdt5r/StoreUI%20Images/Vegetables/Radish.avif?updatedAt=1756541424015'),
(DEFAULT, 31, 'https://ik.imagekit.io/bzuspdt5r/StoreUI%20Images/Vegetables/Ridge%20Gourd.jpg?updatedAt=1756446479847'),
(DEFAULT, 32, 'https://upload.wikimedia.org/wikipedia/commons/6/6e/Shallots.jpg'),
(DEFAULT, 33, 'https://ik.imagekit.io/bzuspdt5r/StoreUI%20Images/Vegetables/Snake%20Gourd.jpg?updatedAt=1756446480031'),
(DEFAULT, 34, 'https://ik.imagekit.io/bzuspdt5r/StoreUI%20Images/Vegetables/Sorrel%20Leaves.avif?updatedAt=1756446480354'),
(DEFAULT, 35, 'https://ik.imagekit.io/bzuspdt5r/StoreUI%20Images/Vegetables/Spinach.webp?updatedAt=1756446480583'),
(DEFAULT, 36, 'https://ik.imagekit.io/bzuspdt5r/StoreUI%20Images/Vegetables/Sweet%20Potato.webp?updatedAt=1756446480280'),
(DEFAULT, 39, 'https://ik.imagekit.io/bzuspdt5r/StoreUI%20Images/Vegetables/Curry%20Leaves.avif?updatedAt=1756540791865'),
(DEFAULT, 40, 'https://ik.imagekit.io/bzuspdt5r/StoreUI%20Images/Vegetables/Tomato.jpg?updatedAt=1756445116948'),
(DEFAULT, 41, 'https://ik.imagekit.io/bzuspdt5r/StoreUI%20Images/Vegetables/Ivy%20Gourd.jpg?updatedAt=1756540791755'),
(DEFAULT, 42, 'https://ik.imagekit.io/bzuspdt5r/StoreUI%20Images/Vegetables/Brinjal.jpg?updatedAt=1756540791766'),
(DEFAULT, 43, 'https://ik.imagekit.io/bzuspdt5r/StoreUI%20Images/Vegetables/Elephant%20Yam.webp?updatedAt=1756548205986'),
(DEFAULT, 44, 'https://ik.imagekit.io/bzuspdt5r/StoreUI%20Images/Vegetables/Fenugreek%20Leaves.jpg?updatedAt=1756548205949'),
(DEFAULT, 45, 'https://ik.imagekit.io/bzuspdt5r/StoreUI%20Images/Vegetables/French%20Beans.jpg?updatedAt=1756548206092'),
(DEFAULT, 46, 'https://ik.imagekit.io/bzuspdt5r/StoreUI%20Images/Vegetables/Garlic.jpg?updatedAt=1756548205938'),
(DEFAULT, 47, 'https://ik.imagekit.io/bzuspdt5r/StoreUI%20Images/Vegetables/Ginger.jpg?updatedAt=1756548206029'),
(DEFAULT, 48, 'https://ik.imagekit.io/bzuspdt5r/StoreUI%20Images/Vegetables/Green%20Peas.avif?updatedAt=1756548671039'),
(DEFAULT, 49, 'https://ik.imagekit.io/bzuspdt5r/StoreUI%20Images/Vegetables/Lemon.jpg?updatedAt=1756548670816'),
(DEFAULT, 50, 'https://ik.imagekit.io/bzuspdt5r/StoreUI%20Images/Vegetables/Mango%20Raw.avif?updatedAt=1756548205913'),
(DEFAULT, 51, 'https://ik.imagekit.io/bzuspdt5r/StoreUI%20Images/Vegetables/Mint%20Leaves.jpg?updatedAt=1756548205942'),
(DEFAULT, 52, 'https://ik.imagekit.io/bzuspdt5r/StoreUI%20Images/Vegetables/Mushroom.jpg?updatedAt=1756548206140'),
(DEFAULT, 53, 'https://ik.imagekit.io/bzuspdt5r/StoreUI%20Images/Fruits/Mango.jpg?updatedAt=1756566157940'),
(DEFAULT, 54, 'https://ik.imagekit.io/bzuspdt5r/StoreUI%20Images/Fruits/Papaya.avif?updatedAt=1756566162517'),
(DEFAULT, 55, 'https://ik.imagekit.io/bzuspdt5r/StoreUI%20Images/Fruits/Banana.jpg?updatedAt=1756566157945'),
(DEFAULT, 56, 'https://ik.imagekit.io/bzuspdt5r/StoreUI%20Images/Fruits/Coconut.avif?updatedAt=1756566158038'),
(DEFAULT, 57, 'https://ik.imagekit.io/bzuspdt5r/StoreUI%20Images/Fruits/Pineapple.jpg?updatedAt=1756566162361'),
(DEFAULT, 58, 'https://ik.imagekit.io/bzuspdt5r/StoreUI%20Images/Fruits/Guava.avif?updatedAt=1756566158020'),
(DEFAULT, 59, 'https://ik.imagekit.io/bzuspdt5r/StoreUI%20Images/Fruits/Orange.avif?updatedAt=1756566161845'),
(DEFAULT, 60, 'https://ik.imagekit.io/bzuspdt5r/StoreUI%20Images/Fruits/Jackfruit.jpg?updatedAt=1756566157950'),
(DEFAULT, 61, 'https://ik.imagekit.io/bzuspdt5r/StoreUI%20Images/Fruits/Apple.avif?updatedAt=1756566157772'),
(DEFAULT, 62, 'https://ik.imagekit.io/bzuspdt5r/StoreUI%20Images/Fruits/Pear.avif?updatedAt=1756566162619'),
(DEFAULT, 63, 'https://ik.imagekit.io/bzuspdt5r/StoreUI%20Images/Fruits/Watermelon.webp?updatedAt=1756566162584'),
(DEFAULT, 64, 'https://ik.imagekit.io/bzuspdt5r/StoreUI%20Images/Fruits/Lychee.jpg?updatedAt=1756566157858'),
(DEFAULT, 65, 'https://ik.imagekit.io/bzuspdt5r/StoreUI%20Images/Fruits/Grapes.webp?updatedAt=1756566158000'),
(DEFAULT, 66, 'https://ik.imagekit.io/bzuspdt5r/StoreUI%20Images/Fruits/Chikoo.webp?updatedAt=1756566158040'),
(DEFAULT, 67, 'https://ik.imagekit.io/bzuspdt5r/StoreUI%20Images/Fruits/Custard%20Apple.avif?updatedAt=1756566157908'),
(DEFAULT, 68, 'https://ik.imagekit.io/bzuspdt5r/StoreUI%20Images/Dairy/Milk.avif?updatedAt=1756816282605'),
(DEFAULT, 69, 'https://ik.imagekit.io/bzuspdt5r/StoreUI%20Images/Dairy/Curd.jpg?updatedAt=1756816282638'),
(DEFAULT, 70, 'https://ik.imagekit.io/bzuspdt5r/StoreUI%20Images/Dairy/Paneer.jpg?updatedAt=1756816282485'),
(DEFAULT, 71, 'https://ik.imagekit.io/bzuspdt5r/StoreUI%20Images/Dairy/Butter.jpg?updatedAt=1756816282490'),
(DEFAULT, 72, 'https://ik.imagekit.io/bzuspdt5r/StoreUI%20Images/Dairy/Cheese%20Slice.png?updatedAt=1756816282734');

INSERT INTO productdescriptions (id, productid, title, content) VALUES
(DEFAULT, 1, 'Description', 'Large, pungent onions commonly used in Indian and global cuisine.'),
(DEFAULT, 1, 'Benefits', 'Rich in antioxidants and vitamin C; helps boost immunity.'),
(DEFAULT, 4, 'Description', 'Spicy green chillies used to add heat and flavor to dishes.'),
(DEFAULT, 4, 'Benefits', 'Contains capsaicin which boosts metabolism and reduces inflammation.'),
(DEFAULT, 5, 'Description', 'Deep red beetroots rich in antioxidants and great for salads and juices.'),
(DEFAULT, 5, 'Benefits', 'Good source of folate, fiber and helps in blood pressure regulation.'),
(DEFAULT, 6, 'Description', 'Versatile potatoes widely used in cooking for fries, curries, and more.'),
(DEFAULT, 6, 'Benefits', 'High in potassium and vitamin C.'),
(DEFAULT, 7, 'Description', 'Unripe bananas used for cooking in many Indian dishes.'),
(DEFAULT, 7, 'Benefits', 'Good source of resistant starch, helps digestion and blood sugar control.'),
(DEFAULT, 8, 'Description', 'Locally grown amaranth leaves, commonly used in South Indian cooking.'),
(DEFAULT, 8, 'Benefits', 'High in protein, iron, and vitamin C. Supports digestion and muscle strength.'),
(DEFAULT, 9, 'Description', 'Amla or Indian gooseberry is rich in vitamin C and antioxidants.'),
(DEFAULT, 9, 'Benefits', 'Boosts immunity, promotes healthy skin and hair.'),
(DEFAULT, 10, 'Description', 'Large gourd commonly used in soups and stews.'),
(DEFAULT, 10, 'Benefits', 'Low calorie and high in fiber; helps in digestion.'),
(DEFAULT, 11, 'Description', 'Small, tender ears of corn harvested early for salads and stir-fries.'),
(DEFAULT, 11, 'Benefits', 'Low in calories and high in fiber and antioxidants.'),
(DEFAULT, 12, 'Description', 'Edible banana flower used in Indian cooking, especially in curries and stir-fries.'),
(DEFAULT, 12, 'Benefits', 'Rich in vitamins and minerals; aids digestion and lactation.'),
(DEFAULT, 13, 'Description', 'Colorful bell peppers with sweet flavor used in salads and cooking.'),
(DEFAULT, 13, 'Benefits', 'High in vitamin C and antioxidants.'),
(DEFAULT, 14, 'Description', 'Green bitter gourds used in cooking for their unique taste and health benefits.'),
(DEFAULT, 14, 'Benefits', 'Helps regulate blood sugar and supports digestion.'),
(DEFAULT, 15, 'Description', 'Long green bottle gourds commonly used in Indian curries and soups.'),
(DEFAULT, 15, 'Benefits', 'Low calorie, good for hydration and digestion.'),
(DEFAULT, 16, 'Description', 'Creamy butter beans used in stews and salads.'),
(DEFAULT, 16, 'Benefits', 'Rich in protein and fiber.'),
(DEFAULT, 17, 'Description', 'Broad beans also known as fava beans, nutritious and filling.'),
(DEFAULT, 17, 'Benefits', 'Good source of protein and iron.'),
(DEFAULT, 18, 'Description', 'Fresh green cabbage, crunchy and healthy.'),
(DEFAULT, 18, 'Benefits', 'Rich in vitamins K and C, good for digestion.'),
(DEFAULT, 19, 'Description', 'Fresh orange carrots, crunchy and sweet.'),
(DEFAULT, 19, 'Benefits', 'Rich in beta-carotene and good for eyesight.'),
(DEFAULT, 20, 'Description', 'Fresh cauliflower, white and firm.'),
(DEFAULT, 20, 'Benefits', 'High in fiber and vitamins, supports digestion.'),
(DEFAULT, 21, 'Description', 'Tender cluster beans, rich in nutrients.'),
(DEFAULT, 21, 'Benefits', 'Good source of dietary fiber and vitamins.'),
(DEFAULT, 22, 'Description', 'Fresh coconuts with husk, perfect for cooking and drinking.'),
(DEFAULT, 22, 'Benefits', 'Rich in healthy fats and electrolytes.'),
(DEFAULT, 23, 'Description', 'Fresh colocasia leaves, commonly used in cooking.'),
(DEFAULT, 23, 'Benefits', 'Good source of vitamins and antioxidants.'),
(DEFAULT, 24, 'Description', 'Fresh colocasia root, starchy and nutritious.'),
(DEFAULT, 24, 'Benefits', 'High in fiber and vitamins.'),
(DEFAULT, 25, 'Description', 'Fresh coriander leaves, aromatic and flavorful.'),
(DEFAULT, 25, 'Benefits', 'Rich in antioxidants and aids digestion.'),
(DEFAULT, 26, 'Description', 'Fresh corn on the cob, sweet and juicy.'),
(DEFAULT, 26, 'Benefits', 'High in fiber and antioxidants.'),
(DEFAULT, 27, 'Description', 'Fresh cucumbers, crisp and hydrating.'),
(DEFAULT, 27, 'Benefits', 'Low calorie, high water content for hydration.'),
(DEFAULT, 28, 'Description', 'Fresh ladies finger (okra), tender and crisp.'),
(DEFAULT, 28, 'Benefits', 'High in fiber and vitamin C, aids digestion.'),
(DEFAULT, 29, 'Description', 'Fresh pumpkin, sweet and rich in nutrients.'),
(DEFAULT, 29, 'Benefits', 'Rich in vitamins A and C, good for eye health.'),
(DEFAULT, 30, 'Description', 'Fresh radish, crunchy with a slightly spicy flavor.'),
(DEFAULT, 30, 'Benefits', 'Good source of antioxidants and fiber.'),
(DEFAULT, 31, 'Description', 'Fresh ridge gourd, soft and flavorful.'),
(DEFAULT, 31, 'Benefits', 'Low calorie and high in dietary fiber.'),
(DEFAULT, 32, 'Description', 'Small, sweet pearl onions, great for cooking.'),
(DEFAULT, 32, 'Benefits', 'Contains antioxidants and vitamins.'),
(DEFAULT, 33, 'Description', 'Fresh snake gourd, long and slender.'),
(DEFAULT, 33, 'Benefits', 'Low in calories and rich in fiber.'),
(DEFAULT, 34, 'Description', 'Fresh sorrel leaves, tangy and flavorful.'),
(DEFAULT, 34, 'Benefits', 'Rich in vitamin C and antioxidants.'),
(DEFAULT, 35, 'Description', 'Fresh spinach leaves, nutritious and tender.'),
(DEFAULT, 35, 'Benefits', 'High in iron and vitamins A, C, and K.'),
(DEFAULT, 36, 'Description', 'Sweet potatoes, rich and creamy texture.'),
(DEFAULT, 36, 'Benefits', 'High in fiber and beta-carotene.'),
(DEFAULT, 39, 'Description', 'Fresh curry leaves, aromatic and essential for South Indian cooking.'),
(DEFAULT, 39, 'Benefits', 'Rich in antioxidants and supports digestion.'),
(DEFAULT, 40, 'Description', 'Fresh, juicy tomatoes perfect for salads, curries, and sauces.'),
(DEFAULT, 40, 'Benefits', 'Rich in vitamin C, potassium, and antioxidants. Supports heart health.'),
(DEFAULT, 41, 'Description', 'Small, crisp ivy gourds (tindora), commonly used in Indian curries and stir-fries.'),
(DEFAULT, 41, 'Benefits', 'Low in calories, good source of dietary fiber and vitamins.'),
(DEFAULT, 42, 'Description', 'Fresh brinjal / eggplant used in many curries and stir-fries.'),
(DEFAULT, 42, 'Benefits', 'Good source of fiber and antioxidants.'),
(DEFAULT, 43, 'Description', 'Starchy elephant yam, used in curries and deep-fried preparations.'),
(DEFAULT, 43, 'Benefits', 'Good source of fiber and complex carbohydrates.'),
(DEFAULT, 44, 'Description', 'Fresh fenugreek (methi) leaves, aromatic and slightly bitter.'),
(DEFAULT, 44, 'Benefits', 'Rich in fiber and helps with digestion and blood sugar control.'),
(DEFAULT, 45, 'Description', 'Tender French beans, good for stir-fries and curries.'),
(DEFAULT, 45, 'Benefits', 'High in fiber and vitamins.'),
(DEFAULT, 46, 'Description', 'Fresh garlic bulbs used as a base flavor in many cuisines.'),
(DEFAULT, 46, 'Benefits', 'Contains allicin which supports immunity and heart health.'),
(DEFAULT, 47, 'Description', 'Fresh ginger root, used for flavor and health tonics.'),
(DEFAULT, 47, 'Benefits', 'Aids digestion and has anti-inflammatory properties.'),
(DEFAULT, 48, 'Description', 'Fresh green peas, sweet and tender.'),
(DEFAULT, 48, 'Benefits', 'High in protein and fiber; great in pulao and curries.'),
(DEFAULT, 49, 'Description', 'Fresh lemons/limes used for juices and garnishes.'),
(DEFAULT, 49, 'Benefits', 'High in vitamin C and aids digestion.'),
(DEFAULT, 50, 'Description', 'Raw mango used for pickles and tangy curries.'),
(DEFAULT, 50, 'Benefits', 'Rich in vitamin C and used in seasonal dishes.'),
(DEFAULT, 51, 'Description', 'Fresh mint leaves, aromatic and cooling.'),
(DEFAULT, 51, 'Benefits', 'Good for digestion and used as garnish and in chutneys.'),
(DEFAULT, 52, 'Description', 'Fresh mushrooms suitable for stir-fries and gravies.'),
(DEFAULT, 52, 'Benefits', 'Low calorie and good source of B vitamins and protein.'),
(DEFAULT, 53, 'Description', 'Ripe mangoes, sweet and juicy.'),
(DEFAULT, 53, 'Benefits', 'High in vitamin A and C; seasonal fruit.'),
(DEFAULT, 54, 'Description', 'Sweet papayas, ideal for breakfasts and smoothies.'),
(DEFAULT, 54, 'Benefits', 'Rich in vitamin C and digestive enzymes.'),
(DEFAULT, 55, 'Description', 'Ripe bananas, sweet and energy-rich.'),
(DEFAULT, 55, 'Benefits', 'Good source of potassium and quick energy.'),
(DEFAULT, 56, 'Description', 'Fresh coconuts for cooking and drinking.'),
(DEFAULT, 56, 'Benefits', 'Rich in healthy fats and electrolytes.'),
(DEFAULT, 57, 'Description', 'Sweet pineapples, great for juices and fruit salads.'),
(DEFAULT, 57, 'Benefits', 'Contains bromelain and vitamin C.'),
(DEFAULT, 58, 'Description', 'Fresh guavas, crunchy and sweet.'),
(DEFAULT, 58, 'Benefits', 'High in vitamin C and fiber.'),
(DEFAULT, 59, 'Description', 'Juicy oranges, perfect for juices.'),
(DEFAULT, 59, 'Benefits', 'High in vitamin C and hydration.'),
(DEFAULT, 60, 'Description', 'Large jackfruits, used ripe or unripe in several dishes.'),
(DEFAULT, 60, 'Benefits', 'Rich in fiber and vitamin C.'),
(DEFAULT, 61, 'Description', 'Fresh apples, crisp and sweet.'),
(DEFAULT, 61, 'Benefits', 'Good source of fiber and antioxidants.'),
(DEFAULT, 62, 'Description', 'Juicy pears, great for snacks.'),
(DEFAULT, 62, 'Benefits', 'High in fiber and vitamins.'),
(DEFAULT, 63, 'Description', 'Sweet watermelons, hydrating and refreshing.'),
(DEFAULT, 63, 'Benefits', 'High water content and vitamin C.'),
(DEFAULT, 64, 'Description', 'Sweet lychees, seasonal and juicy.'),
(DEFAULT, 64, 'Benefits', 'High in vitamin C and antioxidants.'),
(DEFAULT, 65, 'Description', 'Fresh grapes, sweet and small.'),
(DEFAULT, 65, 'Benefits', 'Good source of antioxidants and quick energy.'),
(DEFAULT, 66, 'Description', 'Sweet chikoo fruit, commonly eaten fresh.'),
(DEFAULT, 66, 'Benefits', 'Good source of dietary fiber and natural sugars.'),
(DEFAULT, 67, 'Description', 'Sweet custard apples, creamy texture.'),
(DEFAULT, 67, 'Benefits', 'Rich in vitamins and minerals.'),
(DEFAULT, 68, 'Description', 'Full cream fresh milk, rich and creamy — suitable for drinking and cooking.'),
(DEFAULT, 68, 'Benefits', 'Good source of calcium and protein; supports bone health.'),
(DEFAULT, 69, 'Description', 'Fresh homemade-style curd, great as a side, in raitas, or for cooking.'),
(DEFAULT, 69, 'Benefits', 'Probiotic-rich and good for digestion.'),
(DEFAULT, 70, 'Description', 'Fresh cottage cheese (paneer), soft and mild — used in many Indian dishes.'),
(DEFAULT, 70, 'Benefits', 'High in protein and calcium; versatile for cooking.'),
(DEFAULT, 71, 'Description', 'Salted butter, creamy and perfect for cooking and spreading.'),
(DEFAULT, 71, 'Benefits', 'Provides energy and fat-soluble vitamins.'),
(DEFAULT, 72, 'Description', 'Processed cheese slices, handy for sandwiches and burgers.'),
(DEFAULT, 72, 'Benefits', 'Good source of calcium and convenient for quick meals.');

INSERT INTO productvariants (id, productid, name, ispublished) VALUES
(1, 1, 'Weight', true),
(2, 1, 'Size', true),
(3, 4, 'Weight', true),
(4, 5, 'Weight', true),
(5, 6, 'Weight', true),
(6, 7, 'Weight', true),
(7, 8, 'Bundle', true),
(8, 9, 'Weight', true),
(9, 10, 'Weight', true),
(10, 11, 'Weight', true),
(11, 12, 'Weight', true),
(12, 13, 'Weight', true),
(13, 14, 'Weight', true),
(14, 15, 'Weight', true),
(15, 16, 'Weight', true),
(16, 17, 'Weight', true),
(17, 18, 'Weight', true),
(18, 19, 'Weight', true),
(19, 20, 'Weight', true),
(20, 21, 'Weight', true),
(21, 22, 'Weight', true),
(22, 23, 'Weight', true),
(23, 24, 'Weight', true),
(24, 25, 'Weight', true),
(25, 26, 'Weight', true),
(26, 27, 'Weight', true),
(27, 28, 'Weight', true),
(28, 29, 'Weight', true),
(29, 30, 'Weight', true),
(30, 31, 'Weight', true),
(31, 32, 'Weight', true),
(32, 33, 'Weight', true),
(33, 34, 'Weight', true),
(34, 35, 'Weight', true),
(35, 36, 'Weight', true),
(36, 39, 'Weight', true),
(37, 40, 'Weight', true),
(38, 41, 'Weight', true),
(39, 42, 'Weight', true),
(40, 43, 'Weight', true),
(41, 44, 'Weight', true),
(42, 45, 'Weight', true),
(43, 46, 'Weight', true),
(44, 47, 'Weight', true),
(45, 48, 'Weight', true),
(46, 49, 'Piece', true),
(47, 50, 'Weight', true),
(48, 51, 'Weight', true),
(49, 52, 'Weight', true),
(50, 53, 'Weight', true),
(51, 54, 'Piece', true),
(52, 55, 'Weight', true),
(53, 56, 'Piece', true),
(54, 57, 'Piece', true),
(55, 58, '1 Kg', true),
(56, 59, 'Weight', true),
(57, 60, 'Piece', true),
(58, 61, 'Weight', true),
(59, 62, 'Weight', true),
(60, 63, 'Piece', true),
(61, 64, 'Weight', true),
(62, 65, 'Weight', true),
(63, 66, 'Weight', true),
(64, 67, 'Weight', true),
(65, 68, 'Volume', true),
(66, 69, 'Pack', true),
(67, 70, 'Weight', true),
(68, 71, 'Pack', true),
(69, 72, 'Pack', true);

INSERT INTO productvariantoptions (id, variantid, name, price, ispublished, isoutofstock, isdefault) VALUES
(1, 1, '1 kg', 50, true, false, true),
(2, 1, '1/2 kg', 25, true, false, false),
(3, 1, '1/4 kg', 13, true, false, false),
(4, 2, 'L', 50, true, false, true),
(5, 2, 'M', 25, true, false, false),
(6, 2, 'S', 13, true, false, false),
(7, 3, '1/4 kg', 8, true, false, true),
(8, 3, '1/2 kg', 16, true, false, false),
(9, 3, '1 kg', 45, true, false, false),
(10, 3, '5 kg', 160, true, false, false),
(11, 4, '1 kg', 30, true, false, true),
(12, 4, '1/2 kg', 16, true, false, false),
(13, 4, '1/4 kg', 8, true, false, false),
(14, 5, '1/2 kg', 15, true, false, true),
(15, 5, '1 kg', 29, true, false, false),
(16, 6, '1/2 kg', 5, true, false, true),
(17, 6, '1 Kg', 10, true, false, true),
(18, 7, '1 No', 5, true, false, true),
(19, 8, '1 Kg', 80, true, false, true),
(20, 8, '1/2 kg', 40, true, false, false),
(21, 9, '1 Kg', 20, true, false, true),
(22, 9, '1/2 kg', 10, true, false, false),
(23, 10, '1 Kg', 46, true, false, true),
(24, 10, '1/2 kg', 23, true, false, false),
(25, 11, '1 kg', 14, true, false, true),
(26, 11, '1/2 kg', 7, true, false, true),
(27, 12, '1 kg', 50, true, false, true),
(28, 12, '1/2 kg', 25, true, false, false),
(29, 12, '1/4 kg', 13, true, false, false),
(30, 13, '1 kg', 38, true, false, true),
(31, 13, '1/2 kg', 19, true, false, false),
(32, 13, '1/4 kg', 10, true, false, false),
(33, 14, '1 kg', 34, true, false, true),
(34, 14, '1/2 kg', 17, true, false, false),
(35, 14, '1/4 kg', 9, true, false, false),
(36, 15, '1 kg', 49, true, false, true),
(37, 15, '1/2 kg', 25, true, false, false),
(38, 15, '1/4 kg', 13, true, false, false),
(39, 16, '1 kg', 42, true, false, true),
(40, 16, '1/2 kg', 21, true, false, false),
(41, 16, '1/4 kg', 11, true, false, false),
(42, 17, '1 kg', 30, true, false, true),
(43, 17, '1/2 kg', 15, true, false, false),
(44, 17, '1/4 kg', 8, true, false, false),
(45, 18, '1 kg', 50, true, false, true),
(46, 18, '1/2 kg', 25, true, false, false),
(47, 18, '1/4 kg', 13, true, false, false),
(48, 19, '1 kg', 27, true, false, true),
(49, 19, '1/2 kg', 14, true, false, false),
(50, 19, '1/4 kg', 7, true, false, false),
(51, 20, '1 kg', 44, true, false, true),
(52, 20, '1/2 kg', 22, true, false, false),
(53, 20, '1/4 kg', 11, true, false, false),
(54, 21, '1/4 kg', 8, true, false, true),
(55, 21, '1/2 kg', 16, true, false, true),
(56, 21, '1 kg', 32, true, false, true),
(57, 21, '5 kg', 160, true, false, true),
(58, 22, '1 No', 12, true, false, true),
(59, 23, '1 Kg', 65, true, false, true),
(60, 24, '1 No', 15, true, false, true),
(61, 25, '1 Pc', 0, true, false, true),
(62, 26, '1 Pc', 0, true, false, true),
(63, 27, '1 kg', 35, true, false, true),
(64, 27, '1/2 kg', 18, true, false, false),
(65, 28, '1 kg', 23, true, false, true),
(66, 28, '1/2 kg', 12, true, false, false),
(67, 29, '1 kg', 31, true, false, true),
(68, 29, '1/2 kg', 16, true, false, false),
(69, 30, '1 kg', 38, true, false, true),
(70, 30, '1/2 kg', 19, true, false, false),
(71, 31, '1 Kg', 38, true, false, true),
(72, 32, '1 kg', 40, true, false, true),
(73, 32, '1/2 kg', 20, true, false, false),
(74, 33, '1 No', 15, true, false, true),
(75, 34, '1 No', 15, true, false, true),
(76, 35, '1/2 kg', 12, true, false, true),
(77, 35, '1 Kg', 23, true, false, true),
(78, 36, '1/4 kg', 8, true, false, true),
(79, 36, '1/2 kg', 16, true, false, true),
(80, 36, '1 kg', 32, true, false, true),
(81, 36, '5 kg', 160, true, false, true),
(82, 37, '1/4 kg', 5, true, false, true),
(83, 37, '1/2 kg', 23, true, false, false),
(84, 37, '1 kg', 46, true, false, false),
(85, 38, '1 kg', 36, true, false, true),
(86, 38, '1/2 kg', 18, true, false, false),
(87, 39, '1 kg', 40, true, false, true),
(88, 39, '1/2 kg', 20, true, false, false),
(89, 40, '1 kg', 60, true, false, true),
(90, 40, '1/2 kg', 30, true, false, false),
(91, 41, '1 No', 18, true, false, true),
(92, 42, '1 kg', 55, true, false, true),
(93, 42, '1/2 kg', 28, true, false, false),
(94, 43, '1/4 kg', 45, true, false, true),
(95, 43, '1/2 kg', 90, true, false, false),
(96, 43, '1 kg', 180, true, false, false),
(97, 44, '1/4 kg', 30, true, false, true),
(98, 44, '1/2 kg', 60, true, false, false),
(99, 44, '1 kg', 120, true, false, false),
(100, 45, '1 kg', 80, true, false, true),
(101, 45, '1/2 kg', 40, true, false, false),
(102, 46, '1 Pc', 6, true, false, true),
(103, 47, '1 Kg', 90, true, false, true),
(104, 47, '1/2 kg', 45, true, false, false),
(105, 48, '1 No', 15, true, false, true),
(106, 49, '1 kg', 150, true, false, true),
(107, 49, '1/2 kg', 75, true, false, false),
(108, 50, '1 Kg', 120, true, false, true),
(109, 50, '1/2 kg', 60, true, false, false),
(110, 51, '1 Pc', 50, true, false, true),
(111, 52, '1 Kg', 60, true, false, true),
(112, 52, '1/2 kg', 30, true, false, false),
(113, 53, '1 Pc', 65, true, false, true),
(114, 54, '1 Pc', 90, true, false, true),
(115, 55, '1 Kg', 70, true, false, true),
(116, 55, '1/2 kg', 35, true, false, false),
(117, 56, '1 Kg', 80, true, false, true),
(118, 56, '1/2 kg', 40, true, false, false),
(119, 57, '1 Kg', 25, true, false, true),
(120, 58, '1 Kg', 160, true, false, true),
(121, 58, '1/2 kg', 80, true, false, false),
(122, 59, '1 Kg', 140, true, false, true),
(123, 59, '1/2 kg', 70, true, false, false),
(124, 60, '1 Pc', 25, true, false, true),
(125, 61, '1 Kg', 180, true, false, true),
(126, 61, '1/2 kg', 90, true, false, false),
(127, 62, '1 Kg', 160, true, false, true),
(128, 62, '1/2 kg', 80, true, false, false),
(129, 63, '1 Kg', 140, true, false, true),
(130, 63, '1/2 kg', 70, true, false, false),
(131, 64, '1 Kg', 160, true, false, true),
(132, 64, '1/2 kg', 80, true, false, false),
(133, 65, '1 L', 60, true, false, true),
(134, 65, '500 ml', 35, true, false, false),
(135, 66, '200 g', 25, true, false, false),
(136, 66, '500 g', 50, true, false, true),
(137, 67, '200 g', 120, true, false, true),
(138, 67, '500 g', 300, true, false, false),
(139, 67, '1 Kg', 580, true, false, false),
(140, 68, '100 g', 120, true, false, false),
(141, 68, '200 g', 220, true, false, true),
(142, 69, '200 g', 180, true, false, true),
(143, 69, '400 g', 340, true, false, false);

